Genome,Sequence,Isolate,GenotypeNumber
AM712239,MASGGAFCLIANDGKADKIILAQDLLNSRISNIKNVNKSYGKPDPEPTLSQIEETHLVHFNAHFKPYVPVGFEYNKVRPHTGTPTLGNKLTFGIPQYGDFFHDMVGHHILGACHSSWQDAPIQGTAQMGAHGQLQTFPRNGYDWDNQTPLEGAVYTLVDPFGRPIVPGTKNAYRNLVYYCEYPGERLYENVRFDVNGNSLDEYSSDVTTLVRKFCIPGDKMTGYKHLVGQEVSVEGTSGPLLCNIHDLHKPHQSKPILTDENDTQRTCSHTNPKFLSQHFPENSHNIQTAGKQDITPITDATYLDIRRNVHYSCNGPQTPKYYQPPLALWIKLRFWFNENVNLAIPSVSIPFGERFITIKLASQKDLVNEFPGLFIRQSRFIPGRPSRRNIRFKPWFIPGVINEISLTNNELYINNLFVTPEIHNLFVKRVRFSLIRVHKTQVTHTNNNHHDEKLMSALKWPIEYMFIGLKPTWNISDQNPHQHRDWHKFGHVVNAIMQPTHHAEISFQDRDTALPDACSSISDISPVTYPITLPIIKNISVTAHGINLIDKFPSKFCSSYIPFHYGGNAIKTPDDPGAMMITFALKPREEYQPSGHINVSRAREFYISWDTDYVGSITTADLVVSASAINFLLLQNGSAVLRYST*,Benin 97/1,1
AY261362,MASGGAFCLIANDGKADKIILAQDLLNSRISNIKNVNKSYGKPDPEPTLSQIEETHLVHFNAHFKPYVPVGFEYNKVRPHTGTPTLGNKLTFGIPQYGDFFHDMVGHHILGACHSSWQDAPIQGTAQMGAHGQLQTFPRNGYDWDNQTPLEGAVYTLVDPFGRPIVPGTKNAYRNLVYYCEYPGERLYENVRFDVNGNSLDEYSSDVTTLVRKFCIPGDKMTGYKHLVGQEVSVEGTSGPLLCNIHDLHKPHQSKPILTDENDTQRTCSHTNPKFLSQHFPENSHNIQTAGKQDITPITDATYLDIRRNVHYSCNGPQTPKYYQPPLALWIKLRFWFNENVNLAIPSVSIPFGERFITIKLASQKDLVNEFPGLFIRQSRFIPGRPSRRNIRFKPWFIPGVINEISLTNNELYINNLFVTPEIHNLFVKRVRFSLIRVHKTQVTHTNNNHHDEKLMSALKWPIEYMFIGLKPTWNISDQNPHQHRDWHKFGHVVNAIMQPTHHAEISFQDRDTALPDACSSISDISPVTYPITLPIIKNISVTAHGINLIDKFPSKFCSSYIPFHYGGSAIKTPDDPGAMMITFALKPREEYQPSGHINVSRAREFYISWDTDYVGSITTADLVVSASAINFLLLQNGSAVLRYST*,Mkuzi 1979,1
AY578697,MASGGAFCLIANDGKADKIILAQDLLNSRISNIKNVNKSYGKPDPEPTLSQIEETHLVHFNAHFKPYVPVGFEYNKVRPHTGTPTLGNKLTFGIPQYGDFFHDMVGHHILGACHSSWQDAPIQGTAQMGAHGQLQTFPRNGYDWDNQTPLEGAVYTLVDPFGRPIVPGTKNAYRNLVYYCEYPGERLYENVRFDVNGNSLDEYSSDVTTLVRKFCIPGDKMTGYKHLVGQEVSVEGTSGPLLCNIHDLHKPHQSKPILTDENDTQRTCSHTNPKFLSQHFPENSHNIQTAGKQDITPITDATYLDIRRNVHYSCNGPQTPKYYQPPLALWIKLRFWFNENVNLAIPSVSIPFGERFITIKLASQKDLVNEFPGLFIRQSRFIPGRPSRRNIRFKPWFIPGVINEISLTNNELYINNLFVTPEIHNLFVKRVRFSLIRVHKTQVTHTNNNHHDEKPMSALKWPIEYMFIGLKPTWNISDQNPHQHRDWHKFGHVVNAIMQPTHHAEISFQDRDTALPDACSSISDISPVTYPITLPIIKNISVTAHGINLIDKFPSKFCSSYIPFHYGGNAIKTPDDPGAMMITFALKPREEYQPSGHINVSRAREFYISWDTDYVGSITTADLVVSASAINFLLLQNGSAVLRYST*,ker,1
L76727,MASGGAFCLIANDGKADKIILAQDLLNSRISNIKNVNKSYGKPDPEPTLSQIEETHLVHFNAHFKPYVPVGFEYNKVRPHTGTPTLGNKLTFGIPQYGDFFHDMVGHHILGACHSSWQDAPIQGTAQMGAHGQLQTFPRNGYDWDNQTPLEGAVYTLVDPFGRPIVPGTKNAYRNLVYYCEYPGERLYENVRFDVNGNSLDEYSSDVTTLVRKFCIPGDKMTGYKHLVGQEVSVEGTSGPLLCNIHDLHKPHQSKPILTDENDTQRTCSHTNPKFLSQHFPENSHNIQTAGKQDITPITDATYLDIRRNVHYSCNGPQTPKYYQPPLALWINVRFWFNENVNLAIPSVSIPFGERFITIKLASQKDLVNEFPGLFIRQSRFIPGRPSRRNIRFKPWFIPGVINEISLTNNELYINNLFVTPEIHNLFVKRVRFSLIRVHKTQVTHTNNNHHDEKLMSALKWPIEYMFIGLKPTWNISDQNPHQHRDWHKFGHVVNAIMQPTHHAEISFQDRDTALPDACSSISDISPVTYPITLPIIKNISVTAHGINLIDKFPSKFCSSYIPFHYGGNAIKTPDDPGAMMITFALKPREEYQPSGHINVSRAREFYISWDTDYVGSITTADLVVSASAINFLLLQNGSAVLRYST*,Dominican Republic 2 (DR2),1
M34142,MASGGAFCLIANDGKADKIILAQDLLNSRISNIKNVNKSYGKPDPEPTLSQIEETHLVHFNAHFKPYVPVGFEYNKVRPHTGTPTLGNKLTFAIPQYGDFFHDMVGHHILGACHSSWQDAPIQGTAQMGAHGQLQTFPRNGYDWDNQTPLEGAVYTLVDPFGRPIVPGTKNAYRNLVYYCEYPGERLYENVRFDVNGNSLDEYSSDVTTLVRKFCIPGDKMTGYKHLVGQEVSVEGTSGPLLCNIHDLHKPHQSKPILTDENDTQRTCSHTNPKFLSQHFPENSHNIQTAGKQDITPITDATYLDIRRNVHYSCNGPQTPKYYQPPLALWIKLRFWFNENVNLAIPSVSIPFGERFITIKLASQKDLVNEFPGLFIRQSRFIPGRPSRRNIRFKPWFIPGVINEISLTNNELYINNLFVTPEIHNLFVKRVRFSLIRVHKTQVTHTNNNHHDEKLMSALKWPIEYMFIGLKPTWNISDQNPHQHRDWHKFGHVVNAIMQPTHHAEISFQDRDTALPDACSSISDISPVTYPITLPIIKNISVTAHGINLIDKFPSKFCSSYIPFHYGGNAIKTPDDPGAMMITFALKPREEYQPSGHINVSRAREFYISWDTDYVGSITTADLVVSASAINFLLLQNGSAVLRYST*,BA71V*,1
AY578692,MASGGAFCLIANDGKADKIILAQDLLNSRISNIKNVNKSYGKPDPEPTLSQIEETHLVHFNAHFKPYVPVGFEYNKVRPHTGTPTLGNKLTFGIPQYGDFFHDMVGHHILGACHSSWQDAPIQGTAQMGAHGQLQTFPRNGYDWDNQTPLEGAVYTLVDPFGRPIVPGTKNAYRNLVYYCEYPGERLYENVRFDVNGNSLDEYSSDVTTLVRKFCIPGDKMTGYKHLVGQEVSVEGTSGPLLCNIHDLHKPHQSKPILTDENDTQRTCSHTNPKFLSQHFPENSHNIQTAGKQDITPITDATYLDIRRNVHYSCNGPQTPKYYQPPLALWIKLRFWFNENVNLAIPSVSIPFGERFITIKLASQKDLVNEFPGLFIRQSRFIPGRPSRRNIRFKPWFIPGVINEISLTDNELYINNLFVTPEIHNLFVKRVRFSLIRVHKTQVTHTNNNHHDEKLMSALKWPIEYMFIGLKPTWNISDQNPHQHRDWHKFGHVVNAIMQPTHHAEISFQDRDTALPDACSSISDISPVTYPITLPIIKNISVTAHGINLIDKFPSKFCSSYIPFHYGGNAIKTPDDPGAMMITFALKPREEYQPSGHINVSRAREFYISWDTDYVGSITTADLVVSASAINFLLLQNGSAVLRYST*,E70,1
FR682468,MASGGAFCLIANDGKADKIILAQDLLNSRISNIKNVNKSYGKPDPEPTLSQIEETHLVHFNAHFKPYVPVGFEYNKVRPHTGTPTLGNKLTFGIPQYGDFFHDMVGHHILGACHSSWQDAPIQGTSQMGAHGQLQTFPRNGYDWDNQTPLEGAVYTLVDPFGRPIVPGTKNAYRNLVYYCEYPGERLYENVRFDVNGNSLDEYSSDVTTLVRKFCIPGDKMTGYKHLVGQEVSVEGTSGPLLCNIHDLHKPHQSKPILTDENDTQRTCSHTNPKFLSQHFPENSHNIQTAGKQDITPITDATYLDIRRNVHYSCNGPQTPKYYQPPLALWIKLRFWFNENVNLAIPSVSIPFGERFITIKLASQKDLVNEFPGLFVRQSRFIAGRPSRRNIRFKPWFIPGVINEISLTNNELYINNLFVTPEIHNLFVKRVRFSLIRVHKTQVTHTNNNHHDEKLMSALKWPIEYMFIGLKPTWNISDQNPHQHRDWHKFGHVVNAIMQPTHHAEISFQDRDTALPDACSSISDISPVTYPITLPIIKNISVTAHGINLIDKFPSKFCSSYIPFHYGGNAIKTPDDPGAMMITFALKPREEYQPSGHINVSRAREFYISWDTDYVGSITTADLVVSASAINFLLLQNGSAVLRYST*,ASFV Georgia 2007/1,2
AY261366,MASGGAFCLIANDGKADKIILAQDLLNSRISNIKNVNKSYGKPDPEPTLSQIEETHLVHFNAHFKPYVPVGFEYNKVRPHTGTPTLGNKLTFGIPQYGDFFHDMVGHHILGACHSSWQDAPIQGTSQMGAHGQLQTFPRNGYDWDNQTPLEGAVYTLVDPFGRPIVPGTKNAYRNLVYYCEYPGERLYENVRFDVNGNSLDEYSSDVTTLVRKFCIPGDKMTGYKHLVGQEVSVEGTSGPLLCNIHDLHKPHQSKPILTDENDTQRTCSHTNPKFLSQHFPENSHNIQTAGKQDITPITDATYLDIRRNVHYSCNGPQTPKYYQPPLALWIKLRFWFNENVNLAIPSVSIPFGERFITIKLASQKDLVNEFPGLFVRQSRFIAGRPSRRNIRFKPWFIPGVINEISLTNNELYINNLFVTPEIHNLFVKRVRFSLIRVHKTQVTHTNNNHHDEKLMSALKWPIEYMFIGLKPTWNISDQNPHQHRDWHKFGHVVNAIMQPTHHAEISFQDRDTALPDACSSISDISPITYPITLPIIKNISVTAHGINLIDKFPSKFCSSYIPFHYGGNAIKTPDDPGAMMITFALKPREEYQPSGHINVSRAREFYISWDTDYVGSITTADLVVSASAINFLLLQNGSAVLRYST*,Warthog,2
MN336500,MASGGAFCLIANDGKADKIILAQDLLNSRISNIKNVNKSYGKPDPEPTLSQIEETHLVHFNAHFKPYVPVGFEYNKVRPHTGTPTLGNKLTFGIPQYGDFFHDMVGHHILGACHSSWQDAPIQGTSQMGAHGQLQTFPRNGYDWDNQTPLEGAVYTLVDPFGRPIVPGTKNAYRNLVYYCEYPGERLYENVRFDVNGNSLDEYSSDVTTLVRKFCIPGDKMTGYKHLVGQEVSVEGTSGPLLCNIHDLHKPHQSKPILTDENDTQRTCSHTNPKFLSQHFPENSHNIQTAGKQDITPITDATYLDIRRNVHYSCNGPQTPKYYQPPLALWIKLRFWFNENVNLAIPSVSIPFGERFITIKLASQKDLVNEFPGLFVRQSRFIAGRPSRRNIRFKPWFIPGVINEISLTNNELYINNLFVTPEIHNLFVKRVRFSLIRVHKTQVTHTNNNHHDEKLMSALKWPIEYMFIGLKPTWNISDQNPHQHRDWHKFGHVVNAIMQPTHHAEISFQDRDTALPDACSSISDISPVTYPITLPIIKNISVTAHGINLIDKFPSKFCSSYIPFHYGGSAIKTPDDPGAMMITFALKPREEYQPSGHINVSRAREFYISWDTDYVGSITTADLVVSASAINFLLLQNGSAVLRYST*,RSA_2_2008,2
MN207061,MASGGAFCLIANDGKADKIILAQDLLNSRISNIKNVNKSYGKPDPEPTLSQIEETHLVHFNAHFKPYVPVGFEYNKVRPHTGTPTLGNKLTFGIPQYGDFFHDMVGHHILGACHSSWQDAPIQGTSQMGAHGQLQTFPRNGYDWDNQTPLEGAVYTLVDPFGRPIVPGTKNAYRNLVYYCEYPGERLYENVRFDVNGNSLDEYSSDVTTLVRKFCIPGDKMTGYKHLVGQEVSVEGTSGPLLCNIHDLHKPHQSKPILTDENDTQRTCSHTNPKFLSQHFPENSHNIQTAGKQDITPITDATYLDIRRNVHYSCNGPQTPKYYQPPLALWIKLRFWFNENVNLAIPSVSIPFGERFITIKLASQKDLVNEFPGLFVRQSRFIAGRPSRRNIRFKPWFIPGVINEISLTNNELYINNLFVTPEIHNLFVKRVRFSLIRVHKTQVTHTNNNHHDEKLMSALKWPIEYMFIGLKPTWNISDQNPHQHRDWYKFGHVVNAIMQPTHHAEISFQDRDTALPDACSSISDISPVTYPITLPIIKNISVTAHGINLIDKFPSKFCSSYIPFHYGGSAIKTPDDPGAMMITFALKPREEYQPSGHINVSRAREFYISWDTDYVGSITTADLVVSASAINFLLLQNGSAVLRYST*,HBNH-2019,2
OM461370,MASGGAFCLIANDGKADKIILAQDLLNSRISNIKNVNKSYGKPDPEPTLSQIEETHLVHFNAHFKPYVPVGFEYNKVRPHTGTPTLGNKLTFGIPQYGDFFHDMVGHHILGACHSSWQDAPIQGTSQMGAHGQLQTFPRNGYDWDNQTPLEGAVYTLVDPFGRPIVPGTKNAYRNLVYYCEYPGERLYENVRFDVNGNSLDEYSSDVTTLVRKFCIPGDKMTGYKHLVGQEVSVEGTSGPLLCNIHDLHKPHQSKPILTDENDTQRTCSHTNPKFLSQHFPENSHNIQTAGKQDITPITDATYLDIRRNVHYSCNGPQTPKYYQPRLALWIKLRFWFNENVNLAIPSVSIPFGERFITIKLASQKDLVNEFPGLFVRQSRFIAGRPSRRNIRFKPWFIPGVINEISLTNNELYINNLFVTPEIHNLFVKRVRFSLIRVHKTQVTHTNNNHHDEKLMSALKWPIEYMFIGLKPTWNISDQNPHQHRDWHKFGHVVNAIMQPTHHAEISFQDRDTALPDACSSISDISPVTYPITLPIIKNISVTAHGINLIDKFPSKFCSSYIPFHYGGNAIKTPDDPGAMMITFALKPREEYQPSGHINVSRAREFYISWDTDYVGSITTADLVVSASAINFLLLQNGSAVLRYST*,A9_21_3,2
ON400500,MASGGAFCLIANDGKADKIILAQDLLNSRIFNIKNVNKSYGKPDPEPTLSQIEETHLVHFNAHFKPYVPVGFEYNKVRPHTGTPTLGNKLTFGIPQYGDFFHDMVGHHILGACHSSWQDAPIQGTSQMGAHGQLQTFPRNGYDWDNQTPLEGAVYTLVDPFGRPIVPGTKNAYRNLVYYCEYPGERLYENVRFDVNGNSLDEYSSDVTTLVRKFCIPGDKMTGYKHLVGQEVSVEGTSGPLLCNIHDLHKPHQSKPILTDENDTQRTCSHTNPKFLSQHFPENSHNIQTAGKQDITPITDATYLDIRRNVHYSCNGPQTPKYYQPPLALWIKLRFWFNENVNLAIPSVSIPFGERFITIKLASQKDLVNEFPGLFVRQSRFIAGRPSRRNIRFKPWFIPGVINEISLTNNELYINNLFVTPEIHNLFVKRVRFSLIRVHKTQVTHTNNNHHDEKLMSALKWPIEYMFIGLKPTWNISDQNPHQHRDWHKFGHVVNAIMQPTHHAEISFQDRDTALPDACSSISDISPVTYPITLPIIKNISVTAHGINLIDKFPSKFCSSYIPFHYGGNAIKTPDDPGAMMITFALKPREEYQPSGHINVSRAREFYISWDTDYVGSITTADLVVSASAINFLLLQNGSAVLRYST*,YNFN202103,2
AY261361,MASGGAFCLIANDGKADKIILAQDLLNSRISNIKNVNKSYGKPDPEPTLSQIEETHMVHFNAHFKPYVPIGFEYNKVRPHTGTPTLGNKLTFGIPQYGDFFHDMVGHHVLGACHSSWQDAPIQGSSQMGAHGQLQTFPRNGYDWDNQTPLEGAVYTLVDPFGRPIVPGTKNAYRNLVYYCEYPGERLYENVRFDVNGNSLDEYSSDVTTLVRKFCIPGDKMTGYKHLVGQEVSVEGTSGPLLCNIHDLHKPHQSKPILTDENDTQRTCTHTNPKFLSQHFPENSHNIQTAGKQDITPITDTTYLDIRRNVQYSCNGPQTPKYYQPPLALWIKLRFWFNENVNLAIPSVSIPFGERFITIKLASQKDLVNEFPGLFVRQSRFIPGRPSRRNIRFKPWFIPGVINEISLTNNELYINNLFVTPEIHNLFVKRVRFSLIRVHKTQVTHTNNNHHDEKLMSALKWPIEYMFIGLKPTWNISDQNPHQHRDWHKFGHVVNAIMQPTHHAEISFQDRDTALPDACSSISDINPVTYPITLPIIKNISVTAHGINLIDKFPSKFCSSYIPFHYGGNSIKTPDDPGAMMITFALKPREEYQPSGHINVSRAREFYISWDTDYVGSITTADLVVSASAINFLLLQNGSAVLRYST*,Malawi Lil-20/1,8
ON409981,MASGGAFCLIANDGKADKIILAQDLLNSRISNIKNVNKSYGKPDPEPTLSQIEETHMVHFNAHFKPYVPVGFEYNKVRPHTGTPTLGNKLTFGIPQYGDFFHDMVGHHILGACHSSWQDAPIQGSSQMGAHGQLQTFPRNGYDWDNQTPLEGAVYTLVDPFGRPIVPGTKNAYRNLVYYCEYPGERLYENVRFDVNGNSLDEYSSDVTTLVRKFCIPGDKMTGYKHLVGQEVSVEGTSGPLLCNIHDLHKPHQSKPILTDENDTQRTCTHTNPKFLSQHFPENSHNIQTAGKQDITPITDTTYLDIRRNVQYSCNGPQTPKYYQPPLALWVKLRFWFNENVNLAIPSVSIPFGERFITIKLASQKDLVNEFPGLFVRQSRFIPGRPSRRNIRFKPWFIPGVINEISLTNNELYINNLFVTPEIHNLFVKRVRFSLIRVHKTQVTHTNNNHHDEKLMSALKWPIEYMFIGLKPTWNISDQNPHQHRDWHKFGHVVNAIMQPTHHAEISFQDRDTALPDACSSISDINPVTYPITLPIIKNISVTAHGINLIDKFPSKFCSSYIPFHYGGNSIKTPDDPGAMMITFALKPREEYQPSGHINVSRAREFYISWDTDYVGSITTADLVVSASAINFLLLQNGSAVLRYST*,TAN/08/Mazimbu,15
AY261360,MASGGAFCLIANDGKADKIILAQDLLNSRISNIKNVNKSYGKPDPEPTLSQIEETHMVHFNAHFKPYVPIGFEYNKVRPHTGTPTLGNKLTFGIPQYGDFFHDMVGHHILGACHSSWQDAPIQGSSQMGAHGQLQTFPRNGYDWDNQTPLEGAVYTLVDPFGRPIVPGTKNAYRNLVYYCEYPGERLYENVRFDVNGNSLDEYSSDVTTLVRKFCIPGDKMTGYKHLVGQEVSVEGTSGPLLCNVQDMHKPHQSKPILTDENDTQRTCTHTNPKFLSQHFPENSHNIQTAGKQDITPITDATYLDIRRNVHYSCNGPQTPKYYQPPLALWIKLRFWFNENVNLAIPSVSIPFGERFITIKLASQKDLVNEFPGLFIRQSRFIPGRPSRRNIRFKPWFIPGVISEISLTNNELYINNLFVTPEIHNLFVKRVRFSLIRVHKTQVTHTNNNHHDEKLMSALKWPIEYMFIGLKPTWNISDQNPHQHRDWHKFGHVVNAIMQPTHHAEVSFQDRDTALPDACSSISDISPITYPITLPIIKNISVTAHGINLIDKFPSKFCSSYIPFHYGGNSIKTPDDPGAMMITFALKPREEYQPSGHINVSRAREFYISWDTDYVGSITTADLVVSASAINFLLLQNGSAVLRYST*,Kenya 1950,9
KM111294,MASGGAFCLIANDGKADKIILAQDLLNSRISNIKNVNKSYGKPDPEPTLSQIEETHMVHFNAHFKPYVPIGFEYNKVRPHTGTPTLGNKLTFGIPQYGDFFHDMVGHHILGACHSSWQDAPIQGSSQMGAHGQLQTFPRNGYDWDNQTPLEGAVYTLVDPFGRPIVPGTKNAYRNLVYYCEYPGERLYENVRFDVNGNSLDEYSSDVTTLVRKFCIPGDKMTGYKHLVGQEVSVEGTSGPLLCNVQDMHKPHQSKPILTDENDTQRTCTHTNPKFLSQHFPENSHNIQTAGKQDITPITDATYLDIRRNVHYSCNGPQTPKYYQPPLALWIKLRFWFNENVNLAIPSVSIPFGERFITIKLASQKDLVNEFPGLFIRQSRFIPGRPSRRNIRFKPWFIPGVISEISLTNNELYINNLFVTPEIHNLFVKRVRFSLIRVHKTQVTHTNNNHHDEKLMSALKWPIEYMFIGLKPTWNISDQNPHQHRDWHKFGHVVNAIMQPTHHAEVSFQDRDTALPDACSSISDITPITYPITLPIIKNISVTAHGINLIDKFPSKFCSSYIPFHYGGNSIKTPDDPGAMMITFALKPREEYQPSGHINVSRAREFYISWDTDYVGSITTADLVVSASAINFLLLQNGSAVLRYST*,Ken05/Tk1,9
MN886937,MASGGAFCLIANDGKADKIILAQDLLNSRISNIKNVNKSYGKPDPEPTLSQIEETHMVHFNAHFKPYVPIGFEYNKVRPHTGTPTLGNKLTFGIPQYGDFFHDMVGHHILGACHSSWQDAPIQGSSQMGAHGQLQTFPRNGYDWDNQTPLEGAVYTLVDPFGRPIVPGTKNAYRNLVYYCEYPGERLYENVRFDVNGNSLDEYSSDVTTLVRKFCIPGDKMTGYKHLVGQEVSVEGTSGPLLCNVQDMHKPHQSKPILTDENDTQRTCTHTNPKFLSQHFPENSHNIQTAGKQDITPITDATYLDIRRNVHYSCNGPQTPKYYQPPLALWIKLRFWFNENVNLAIPSVSIPFGERFITIKLASQKDLVNEFPGLFIRQSRFIPGRPSRRNIRFKPWFIPGVISEISLTNNELYINNLFVTPEIHNLFVKRVRFSLIRVHKTQVTHTNNNHHDEKLMSALKWPIEYMFIGLKPTWNISDQNPHQHRDWHKFGHVVNAIMQPTHHAEISFQDRDTALPDACSSISDITPITYPITLPIIKNISVTAHGINLIDKFPSKFCSSYIPFHYGGNSIKTPDDPGAMMITFALKPREEYQPSGHINVSRAREFYISWDTDYVGSITTADLVVSASAINFLLLQNGSAVLRYST*,Kitali,9
L27499,MASGGAFCLIANDGKADKIILAQDLLNSRISNIKNVNKSYGKPDPEPTLSQIEETHMVHFNAHFKPYVPIGFEYNKVRPHTGTPTLGNKLTFGIPQYGDFFHDMVGHHILGACHSSWQDAPIQGSSQMGAHGQLQTFPRNGYDWDNQTPLEGAVYTLVDPFGRPIVPGTKNAYRNLVYYCEYPGERLYENVRFDVNGNSLDEYSSDVTTLVRKFCIPGDKMTGYKHLVGQEVSVEGTSGPLLCNVQDMHKPHQSKPILTDENDTQRTCTHTNPKFLSQHFPENSHNIQTAGKQDITPITDATYLDIRRNVHYSCNGLQTPKYYQPPLALWIKLRFWFNENVNLAIPSVSIPFGERFITIKLASQKDLVNEFPGLFIRQSRFIPGRPSRRNIRFKPWFIPGVISEISLTNNELYINNLFVTPEIHNLFVKRVRFSLIRVHKTQVTHTNNNHHDEKLMSALKWPIEYMFIGLKPTWNISDQNPHQHRDWHKFGHVVNAIMQPTHHAEVSFQDRDTALPDACSSISDISPITYPITLPIIKNISVTAHGINLIDKFPSKFCSSYIPFHYGGNSIKTPDDPGGMMITFALKPREEYQPSGHINVSRAREFYISWDTDYVGSITTADLVVSASAINFLLLQNGSAVLRYST*,Uganda,9
KT795353,MASGGAFCLIANDGKADKIILAQDLLNSRISNIKNVNKSYGKPDPEPTLSQIEETHMVHFNAHFKPYVPIGFEYNKVRPHTGTPTLGNKLTFGIPQYGDFFHDMVGHHILGACHSSWQDAPIQGTSQMGAHGRLQTFPRNGYDWDNQTPLEGAVYTLVDPFGRPIVPGTKNAYRNLVYYCEYPGERLYENVRFDVNGNSLDEYSSDVTTLARKFCIPGDKMTGYKHLVGQEVSVEGTSGPLLCNVQDMHMPHQSKPILTDENDTQRTCTHTNPKFLSQHFPENSHNIQTAGKQDITPITDATYLDIRRNVHYSCNGPQTPKYYQPPLALWIKLRFWFNENVNLAIPSVSIPFGERFITIKLASQKDLVNEFPGLFIRQSRFIPGRPSRRNIRFKPWFIPGVISEISLTNNELYINNLFVTPEIHNLFVKRVRFSLIRVHKTQVTHTNNNHHDEKLMSALKWPIEYMFIGLKPTWNISDQNPHQHRDWHKFGHVVNAIMQPTHHAEVSFQDRDTALPDACSSISDITPITYPITLPIIKNISVTAHGINLIDKFPSKFCSSYIPFHYGGNSIKTPDDPGAMMITFALKPREEYQPSGHINVSRAREFYISWDTEYVGSITTADLVVSASAINFLLLQNGSAVLRYST*,ETH/AA,23
KT795355,MASGGAFCLIANDGKADKIILAQDLLNSRISNIKNVNKSYGKPDPEPPLSQIEETHMVHFNAHFKPYVPIGFEYNKVRPHTGTPTLGNKLTFGIPQYGDFFHDMVGHHILGACHSSWQDAPIQGTSQMGAHGRLQTFPRNGYDWDNQTPLEGAVYTLVDPFGRPIVPGTKNAYRNLVYYCEYPGERLYENVRFDVNGNSLDEYSSDVTTLARKFCIPGDKMTGYKHLVGQEVSVEGTSGPLLCNVQDMHMPHQSKPILTDENDTQRTCTHTNPKFLSQHFPENSHNIQTAGKQDITPITDATYLDIRRNVHYSCNGPQTPKYYQPPLALWIKLRFWFNENVNLAIPSVSIPFGERFITIKLASQKDLVNEFPGLFIRQSRFIPGRPSRRNIRFKPWFIPGVISEISLTNNELYINNLFVTPEIHNLFVKRVRFSLIRVHKTQVTHTNNNHHDEKLMSALKWPIEYMFIGLKPTWNISDQNPHQHRDWHKFGHVVNAIMQPTHHAEVSFQDRDTALPDACSSISDITPITYPITLPIIKNISVTAHGINLIDKFPSKFCSSYIPFHYGGNSIKTPDDPGAMMITFALKPREEYQPSGHINVSRAREFYISWDTEYVGSITTADLVVSASAINFLLLQNGSAVLRYST*,ETH/017,23
EF121429,MASGGAFCLIANDGKADKIILAQDLLNSRISNIKSVNKSYGKPDPEPTLSQIEETHMVHFNAHFKPYVPIGFEYNKVRPHTGTPTLGNKLTSGIPQYGDFFHDMVGHHILGACHSSWQDAPIQGSSQMGAHGQLQTFPRNGYDWDNQTPLEGAVYTLVDPFGRPIVPGTKNAYRNLVYYCEYPGERLYENVRFDVNGNSLDEYSSDVTTLVRKFCIPGDKMTGYKHLVGQEVSVEGTSGPLLCNIHDLHKPHQSKPILTDENDTQRTCSHTNPKFLSQHFPENSHNIQTAGKQDITPITDATYLDIRRNVHYSCNGPQTPKYYQPPLALWIKLRFWFNENVNLAIPSVSIPFGERFITIKLASQKDLVNEFPGLFIRQSRFIPGRPSRRNIRFKPWFIPGVISEISLTNNELYINNLFVTPEIHNLFVKRVRFSLIRVHKTQVTHTNNNHHDEKLMSALKWPIEYMFIGLKPTWNISDQNPHQHRDWHKFGHVVNAIMQPTHHAEVSFQDRDTALPDACSSISDITPITYPITLPIIKNISVTAHGINLIDKFPSKFCSSYIPFHYGGNSIKTPDDPGAMMITFALKPREEYQPSGHINVSRAREFYISWDTDYVGSITTADLVVSASAINFLLLQNGSAVLRYST*,UgH03,not classified
KT795357,MASGGAFCPFANDGKAHKIILAQHLLNSRISNIKNVNKSYGKPDPQPTLSQIEETHMVHFNAHFKPYVPIGFEYNKVRPHTGTPTLGNKLTFGIPQYGDFFHDMVGHHILGACHSSWQDAPIQGTSQMGAHGRLQTFPRNGYDWDNQTPLEGAVYTLVDPFGRPIVPGTKNAYRNLVYYCEYPGERLYENVRFDVNGNSLDEYSSDVTTLARKFCIPGDKMTGYKHLVGQEVSVEGTSGPLLCNVQDMHMPHQSKPILTDENDTQRTCTHTNPKFLSQHFPENSHNIQTAGKQDITPITDATYLDIRRNVHYSCNGPQTPKYYQPPLALWIKLRFWFNENVNLAIPSVSIPFGERFITIKLASQKDLVNEFPGLFIRQSRFIPGRPSRRNIRFKPWFIPGVISEISLTNNELYINNLFVTPEIHNLFVKRVRFSLIRVHKTQVTHTNNNHHDEKLMSALKWPIEYMFIGLKPTWNISDQNPHQHRDWHKFGHVVNAIMQPTHHAEVSFQDRDTALPDACSSISDITPITYPITLPIIKNISVTAHGINLIDKFPSKFCSSYIPFHYGGNSIKTPDDPGAMMITFALKPREEYQPSGHINVSRAREFYISWDTEYVGSITTADLVVSASAINFLLLQNGSAVLRYST*,ETH/3a,not classified
L27498,MASGGAFCLIANDGKADKIILAQDLLNSRISNIKNVNKSYGKPDPEPTLSQIEETHMVHFNAHFKPYVPIGFEYNKVRPHTGTPTLGNKLTFGIPQYGDFFHDMVGHHILGACHSSWQDAPIQGSSQMGAHGQLQTFPRNGYDWDNQTPLEGAVYTLVDPFGRPIVPGTKNAYRNLVYYCEYPGERLYENVRFDVNGNSLDEYSSDVTTLVRKFCIPGDKMTGYKHLVGQEVSVEGTSGPLLCNVQDMHKPHQSKPILTDENDTQRTCTHTNPKFLSQHFPENSHNIQTAGKQDITPITDATYLDIRRNVHYSCNGPQTPKYYQPPLALWIKLRFWFNENVNLAIPSVSIPFGERFITIKLASQKDLVNEFPGLFIRQSRFIPGRPSRRNIRFKPWFIPGVISEISLTNNELYINNLFVTPEIHNLFVKRVRFSLIRVHKTQVTHTNNNHHDEKLMSALKWPIEYMFIGLKPTWNISDQNPHQHRDWHKFGHVVNAIMQPSHHAEVSFQDRDTALPDACSSISDISPITYPITLPIIKNISVTAHGINLIDKFPSKFCSSYIPFHIGGNSIKTPSSPGAMMITFALKPREEYQPSGHINVSRAREFYISWDTDYVGSITTADLVVSASAINFLLLQNGSAVLRYST*,DR-1,not classified
